city,state
Brockton,Massachusetts
Bethesda,Maryland
Fargo,North Dakota
Riverside,California
Dearborn,Michigan
Memphis,Tennessee
North Hollywood,California
Dallas,Texas
Seattle,Washington
Terre Haute,Indiana
Hampton,Virginia
Houston,Texas
Duluth,Minnesota
Pasadena,Texas
Lincoln,Nebraska
Dallas,Texas
Woburn,Massachusetts
Greensboro,North Carolina
Young America,Minnesota
Charlotte,North Carolina
Idaho Falls,Idaho
Sacramento,California
Brockton,Massachusetts
Cleveland,Ohio
Mobile,Alabama
Dallas,Texas
San Diego,California
Montgomery,Alabama
Orlando,Florida
Hollywood,Florida
Fort Worth,Texas
Aurora,Colorado
Atlanta,Georgia
Los Angeles,California
Topeka,Kansas
Carlsbad,California
Daytona Beach,Florida
Miami,Florida
Boise,Idaho
Fargo,North Dakota
Jamaica,New York
Las Vegas,Nevada
Wilmington,Delaware
Daytona Beach,Florida
Memphis,Tennessee
Grand Rapids,Michigan
Las Vegas,Nevada
Lima,Ohio
Seattle,Washington
Washington,District of Columbia
Humble,Texas
Fort Wayne,Indiana
Young America,Minnesota
El Paso,Texas
Fort Worth,Texas
Sacramento,California
Wichita,Kansas
New Haven,Connecticut
South Bend,Indiana
Charlotte,North Carolina
Seattle,Washington
Waterbury,Connecticut
Cincinnati,Ohio
Kansas City,Missouri
Davenport,Iowa
Vancouver,Washington
Washington,District of Columbia
Tampa,Florida
Atlanta,Georgia
Saint Joseph,Missouri
San Jose,California
Virginia Beach,Virginia
Rochester,New York
Los Angeles,California
Spartanburg,South Carolina
Madison,Wisconsin
Reston,Virginia
New York City,New York
Alpharetta,Georgia
Temple,Texas
Tucson,Arizona
Charlotte,North Carolina
Huntsville,Alabama
New Orleans,Louisiana
Roanoke,Virginia
Spokane,Washington
Oceanside,California
Baltimore,Maryland
Birmingham,Alabama
Tampa,Florida
Toledo,Ohio
Arlington,Virginia
Columbia,South Carolina
Austin,Texas
Jacksonville,Florida
Memphis,Tennessee
Austin,Texas
Phoenix,Arizona
San Francisco,California
Oklahoma City,Oklahoma
Ogden,Utah
Grand Forks,North Dakota
Clearwater,Florida
New York City,New York
San Diego,California
South Bend,Indiana
Ann Arbor,Michigan
Hamilton,Ohio
Monticello,Minnesota
Houston,Texas
Fort Lauderdale,Florida
Tyler,Texas
Punta Gorda,Florida
Fairbanks,Alaska
Valdosta,Georgia
Charleston,South Carolina
Tucson,Arizona
Cleveland,Ohio
Las Vegas,Nevada
Clearwater,Florida
Tulsa,Oklahoma
Silver Spring,Maryland
Spartanburg,South Carolina
Atlanta,Georgia
Lakeland,Florida
Bronx,New York
Reston,Virginia
Baton Rouge,Louisiana
Portsmouth,New Hampshire
Springfield,Illinois
Washington,District of Columbia
Salt Lake City,Utah
Providence,Rhode Island
Mobile,Alabama
Saint Louis,Missouri
Pomona,California
Portland,Oregon
Utica,New York
Pompano Beach,Florida
Washington,District of Columbia
Washington,District of Columbia
Corpus Christi,Texas
Atlanta,Georgia
Terre Haute,Indiana
Syracuse,New York
Pittsburgh,Pennsylvania
Washington,District of Columbia
Garden Grove,California
Salt Lake City,Utah
Evansville,Indiana
Phoenix,Arizona
Lexington,Kentucky
Birmingham,Alabama
San Antonio,Texas
El Paso,Texas
Des Moines,Iowa
South Bend,Indiana
Waco,Texas
Atlanta,Georgia
Berkeley,California
Boise,Idaho
Mesa,Arizona
Salem,Oregon
Brooklyn,New York
Van Nuys,California
San Diego,California
Hartford,Connecticut
San Antonio,Texas
Birmingham,Alabama
Knoxville,Tennessee
Cincinnati,Ohio
New York City,New York
London,Kentucky
Johnstown,Pennsylvania
Miami Beach,Florida
Jacksonville,Florida
Dallas,Texas
Battle Creek,Michigan
Colorado Springs,Colorado
Van Nuys,California
Richmond,California
Birmingham,Alabama
Worcester,Massachusetts
Cleveland,Ohio
Norman,Oklahoma
Memphis,Tennessee
Washington,District of Columbia
Minneapolis,Minnesota
Boca Raton,Florida
Memphis,Tennessee
Cedar Rapids,Iowa
San Diego,California
Dallas,Texas
Evansville,Indiana
Columbus,Ohio
Nashville,Tennessee
Rochester,New York
Brooklyn,New York
Katy,Texas
Grand Rapids,Michigan
Birmingham,Alabama
Saint Louis,Missouri
Pittsburgh,Pennsylvania
Juneau,Alaska
Spokane,Washington
Saint Paul,Minnesota
Bloomington,Indiana
San Bernardino,California
Long Beach,California
Glendale,Arizona
Mesquite,Texas
Alexandria,Louisiana
Terre Haute,Indiana
Birmingham,Alabama
Rockford,Illinois
Sunnyvale,California
Chicago,Illinois
Bloomington,Indiana
Orlando,Florida
Albuquerque,New Mexico
Memphis,Tennessee
Oakland,California
El Paso,Texas
Birmingham,Alabama
Newark,Delaware
Washington,District of Columbia
Reno,Nevada
Woburn,Massachusetts
Beaufort,South Carolina
Trenton,New Jersey
North Little Rock,Arkansas
Toledo,Ohio
New York City,New York
Phoenix,Arizona
Portland,Oregon
Lake Charles,Louisiana
Baltimore,Maryland
Hartford,Connecticut
Minneapolis,Minnesota
Jersey City,New Jersey
Memphis,Tennessee
Long Beach,California
Provo,Utah
Tulsa,Oklahoma
Juneau,Alaska
South Bend,Indiana
Lincoln,Nebraska
Tampa,Florida
Springfield,Virginia
Beaverton,Oregon
Columbus,Georgia
Fresno,California
Roanoke,Virginia
Sacramento,California
Kansas City,Missouri
Birmingham,Alabama
Yakima,Washington
Lexington,Kentucky
Atlanta,Georgia
Kansas City,Missouri
Johnstown,Pennsylvania
Kansas City,Missouri
San Bernardino,California
Richmond,Virginia
Fort Pierce,Florida
Asheville,North Carolina
Gainesville,Florida
Roanoke,Virginia
Memphis,Tennessee
Portsmouth,New Hampshire
Lubbock,Texas
New York City,New York
Cambridge,Massachusetts
Charleston,West Virginia
Fort Pierce,Florida
Dayton,Ohio
Pittsburgh,Pennsylvania
San Antonio,Texas
Canton,Ohio
Sparks,Nevada
San Bernardino,California
Springfield,Illinois
Fairbanks,Alaska
Las Vegas,Nevada
San Diego,California
Raleigh,North Carolina
Pasadena,California
Jacksonville,Florida
Rockford,Illinois
Gastonia,North Carolina
Phoenix,Arizona
Loretto,Minnesota
Reno,Nevada
Huntington,West Virginia
Henderson,Nevada
Hollywood,Florida
Madison,Wisconsin
Maple Plain,Minnesota
Tyler,Texas
Bonita Springs,Florida
Indianapolis,Indiana
Morgantown,West Virginia
Kansas City,Missouri
Salt Lake City,Utah
Richmond,Virginia
Houston,Texas
Portland,Oregon
Fresno,California
Greensboro,North Carolina
Sacramento,California
Orlando,Florida
Kansas City,Kansas
San Francisco,California
San Antonio,Texas
Jacksonville,Florida
Austin,Texas
Columbus,Georgia
Omaha,Nebraska
Orlando,Florida
Hot Springs National Park,Arkansas
San Francisco,California
Shreveport,Louisiana
Bloomington,Illinois
Houston,Texas
North Hollywood,California
Canton,Ohio
Garland,Texas
New Orleans,Louisiana
Great Neck,New York
Peoria,Illinois
Orlando,Florida
Salt Lake City,Utah
Paterson,New Jersey
Anchorage,Alaska
Richmond,Virginia
Schaumburg,Illinois
Washington,District of Columbia
Saint Paul,Minnesota
Las Vegas,Nevada
Homestead,Florida
Saint Petersburg,Florida
San Bernardino,California
Baltimore,Maryland
Providence,Rhode Island
El Paso,Texas
Killeen,Texas
Lake Charles,Louisiana
Brooklyn,New York
Duluth,Minnesota
Nashville,Tennessee
Corpus Christi,Texas
Pittsburgh,Pennsylvania
Birmingham,Alabama
Knoxville,Tennessee
Simi Valley,California
Indianapolis,Indiana
Saint Petersburg,Florida
Montgomery,Alabama
Tacoma,Washington
Evansville,Indiana
Sparks,Nevada
Biloxi,Mississippi
Houston,Texas
South Bend,Indiana
Raleigh,North Carolina
Palatine,Illinois
Boca Raton,Florida
Arlington,Texas
Saint Petersburg,Florida
Lexington,Kentucky
Miami,Florida
Bismarck,North Dakota
Salt Lake City,Utah
Amarillo,Texas
Miami,Florida
Boise,Idaho
Washington,District of Columbia
Los Angeles,California
Huntington,West Virginia
Minneapolis,Minnesota
Greensboro,North Carolina
Evanston,Illinois
San Francisco,California
Duluth,Minnesota
Las Vegas,Nevada
Saint Louis,Missouri
Charlotte,North Carolina
Cedar Rapids,Iowa
Philadelphia,Pennsylvania
Wichita,Kansas
Southfield,Michigan
Trenton,New Jersey
Lake Worth,Florida
Saint Augustine,Florida
Arlington,Texas
Newark,New Jersey
Jersey City,New Jersey
Atlanta,Georgia
Jamaica,New York
San Antonio,Texas
Louisville,Kentucky
Albuquerque,New Mexico
Los Angeles,California
Tampa,Florida
Jeffersonville,Indiana
Herndon,Virginia
Fredericksburg,Virginia
Wichita,Kansas
Austin,Texas
Bethesda,Maryland
Lexington,Kentucky
Texarkana,Texas
Pensacola,Florida
Dallas,Texas
Melbourne,Florida
Newport News,Virginia
Houston,Texas
San Mateo,California
Cleveland,Ohio
San Diego,California
Seattle,Washington
Kansas City,Missouri
Birmingham,Alabama
Fresno,California
Hartford,Connecticut
Charlotte,North Carolina
Atlanta,Georgia
Tampa,Florida
Oakland,California
Washington,District of Columbia
Boston,Massachusetts
Denver,Colorado
Modesto,California
Baltimore,Maryland
Shreveport,Louisiana
Rochester,New York
Houston,Texas
Austin,Texas
Orange,California
Lexington,Kentucky
San Jose,California
Indianapolis,Indiana
Charleston,West Virginia
Corpus Christi,Texas
Los Angeles,California
Katy,Texas
Brea,California
Richmond,California
Troy,Michigan
Chicago,Illinois
Buffalo,New York
Arlington,Virginia
Salt Lake City,Utah
Montpelier,Vermont
Pittsburgh,Pennsylvania
Annapolis,Maryland
Raleigh,North Carolina
Kansas City,Kansas
Irvine,California
Knoxville,Tennessee
Kansas City,Missouri
New Orleans,Louisiana
Orlando,Florida
Jamaica,New York
Rochester,Minnesota
Lafayette,Louisiana
Toledo,Ohio
Indianapolis,Indiana
Wichita,Kansas
Akron,Ohio
Honolulu,Hawaii
Albuquerque,New Mexico
Fort Worth,Texas
Brooklyn,New York
Silver Spring,Maryland
Gary,Indiana
Dallas,Texas
Gaithersburg,Maryland
Killeen,Texas
Boise,Idaho
Hayward,California
Raleigh,North Carolina
Tempe,Arizona
Jamaica,New York
Fort Wayne,Indiana
Baltimore,Maryland
Milwaukee,Wisconsin
Orlando,Florida
Grand Rapids,Michigan
Des Moines,Iowa
Dallas,Texas
San Diego,California
Fort Worth,Texas
Charleston,West Virginia
Boston,Massachusetts
San Antonio,Texas
Amarillo,Texas
Topeka,Kansas
Galveston,Texas
Washington,District of Columbia
Arlington,Virginia
Los Angeles,California
Kansas City,Missouri
Scranton,Pennsylvania
Tallahassee,Florida
Little Rock,Arkansas
Oklahoma City,Oklahoma
Honolulu,Hawaii
Chattanooga,Tennessee
Indianapolis,Indiana
Atlanta,Georgia
Boston,Massachusetts
Cleveland,Ohio
Rochester,New York
Orlando,Florida
Albuquerque,New Mexico
Oklahoma City,Oklahoma
Lexington,Kentucky
Sacramento,California
Fort Lauderdale,Florida
Whittier,California
Toledo,Ohio
Knoxville,Tennessee
Boise,Idaho
Sterling,Virginia
Albany,New York
Savannah,Georgia
Birmingham,Alabama
Saint Paul,Minnesota
Lincoln,Nebraska
San Francisco,California
Charlotte,North Carolina
Austin,Texas
Chula Vista,California
Knoxville,Tennessee
Columbus,Georgia
New Haven,Connecticut
Salt Lake City,Utah
Dallas,Texas
Tucson,Arizona
Atlanta,Georgia
New York City,New York
Rochester,New York
Edmond,Oklahoma
San Francisco,California
Albuquerque,New Mexico
Cincinnati,Ohio
El Paso,Texas
Akron,Ohio
Memphis,Tennessee
Birmingham,Alabama
Winston Salem,North Carolina
Madison,Wisconsin
Pompano Beach,Florida
Mobile,Alabama
Sarasota,Florida
Reno,Nevada
Fayetteville,North Carolina
Columbia,South Carolina
Van Nuys,California
Minneapolis,Minnesota
Saint Paul,Minnesota
Mountain View,California
Lincoln,Nebraska
Springfield,Illinois
Duluth,Minnesota
Anderson,South Carolina
Portland,Oregon
Boise,Idaho
Tampa,Florida
Oklahoma City,Oklahoma
Springfield,Missouri
Cumming,Georgia
Cleveland,Ohio
Anaheim,California
Houston,Texas
Tucson,Arizona
Baltimore,Maryland
Raleigh,North Carolina
Kansas City,Kansas
Detroit,Michigan
Orange,California
Charlotte,North Carolina
Albany,New York
Knoxville,Tennessee
Charlottesville,Virginia
Bakersfield,California
Atlanta,Georgia
Minneapolis,Minnesota
Pensacola,Florida
Saint Petersburg,Florida
Tucson,Arizona
Fairbanks,Alaska
Columbus,Ohio
Tucson,Arizona
Buffalo,New York
Paterson,New Jersey
Orlando,Florida
Miami,Florida
New York City,New York
Washington,District of Columbia
Memphis,Tennessee
El Paso,Texas
Farmington,Michigan
Corpus Christi,Texas
Washington,District of Columbia
Milwaukee,Wisconsin
Pasadena,California
Baton Rouge,Louisiana
Virginia Beach,Virginia
San Francisco,California
San Diego,California
Richmond,Virginia
New York City,New York
Pittsburgh,Pennsylvania
Fort Collins,Colorado
Winston Salem,North Carolina
Hattiesburg,Mississippi
Charlotte,North Carolina
Chicago,Illinois
Clearwater,Florida
Saint Louis,Missouri
Atlanta,Georgia
Mobile,Alabama
Miami,Florida
Los Angeles,California
Columbus,Georgia
Gainesville,Florida
Clearwater,Florida
Memphis,Tennessee
Macon,Georgia
Fort Collins,Colorado
Tuscaloosa,Alabama
Louisville,Kentucky
Washington,District of Columbia
Harrisburg,Pennsylvania
Denver,Colorado
Washington,District of Columbia
Lees Summit,Missouri
Vancouver,Washington
Irvine,California
Farmington,Michigan
Houston,Texas
Oxnard,California
Oklahoma City,Oklahoma
Marietta,Georgia
Charleston,West Virginia
Knoxville,Tennessee
Vero Beach,Florida
Boston,Massachusetts
Houston,Texas
Baltimore,Maryland
Simi Valley,California
Sacramento,California
Madison,Wisconsin
Amarillo,Texas
Dallas,Texas
Fort Wayne,Indiana
Dallas,Texas
Akron,Ohio
New York City,New York
Anaheim,California
Wichita Falls,Texas
El Paso,Texas
Knoxville,Tennessee
Jefferson City,Missouri
South Bend,Indiana
Naples,Florida
Bronx,New York
San Luis Obispo,California
Atlanta,Georgia
Kansas City,Missouri
Monticello,Minnesota
Knoxville,Tennessee
Mesa,Arizona
Wichita Falls,Texas
Tucson,Arizona
Nashville,Tennessee
Independence,Missouri
Fairfax,Virginia
Cleveland,Ohio
Tampa,Florida
Syracuse,New York
Sacramento,California
San Antonio,Texas
Columbus,Mississippi
Austin,Texas
Largo,Florida
Chesapeake,Virginia
Orlando,Florida
Columbia,South Carolina
Boston,Massachusetts
Salt Lake City,Utah
Los Angeles,California
El Paso,Texas
Los Angeles,California
Washington,District of Columbia
Baltimore,Maryland
Utica,New York
Kansas City,Missouri
Oklahoma City,Oklahoma
Yonkers,New York
Los Angeles,California
South Bend,Indiana
Vero Beach,Florida
Hialeah,Florida
Austin,Texas
Montgomery,Alabama
Toledo,Ohio
Mesa,Arizona
Jamaica,New York
Richmond,Virginia
Olympia,Washington
Roanoke,Virginia
Lynchburg,Virginia
Columbia,South Carolina
Lancaster,Pennsylvania
Savannah,Georgia
Lafayette,Louisiana
Tulsa,Oklahoma
Round Rock,Texas
New York City,New York
Richmond,Virginia
Inglewood,California
Sioux Falls,South Dakota
Saint Louis,Missouri
Tampa,Florida
Dallas,Texas
Raleigh,North Carolina
Erie,Pennsylvania
Paterson,New Jersey
Oklahoma City,Oklahoma
Los Angeles,California
Roanoke,Virginia
Des Moines,Iowa
Midland,Michigan
Washington,District of Columbia
Nashville,Tennessee
Indianapolis,Indiana
San Antonio,Texas
Fresno,California
Jackson,Mississippi
New Orleans,Louisiana
Garland,Texas
Tampa,Florida
Durham,North Carolina
Brooklyn,New York
Atlanta,Georgia
Columbus,Georgia
Lynchburg,Virginia
Little Rock,Arkansas
Washington,District of Columbia
Detroit,Michigan
Waltham,Massachusetts
Arlington,Virginia
Birmingham,Alabama
Saint Louis,Missouri
Worcester,Massachusetts
Fort Smith,Arkansas
Laredo,Texas
Los Angeles,California
Kissimmee,Florida
Detroit,Michigan
Dearborn,Michigan
West Palm Beach,Florida
Pasadena,California
Fresno,California
Columbia,South Carolina
Olympia,Washington
Detroit,Michigan
Omaha,Nebraska
Dallas,Texas
Louisville,Kentucky
Kansas City,Kansas
Oklahoma City,Oklahoma
Tacoma,Washington
Lansing,Michigan
Portland,Oregon
Midland,Texas
Hialeah,Florida
Salt Lake City,Utah
Corpus Christi,Texas
Jackson,Mississippi
Missoula,Montana
Evansville,Indiana
New Orleans,Louisiana
Fayetteville,North Carolina
Salem,Oregon
Torrance,California
Huntington,West Virginia
Santa Barbara,California
Phoenix,Arizona
Philadelphia,Pennsylvania
Sandy,Utah
Saint Paul,Minnesota
Fort Myers,Florida
Cleveland,Ohio
Roanoke,Virginia
Atlanta,Georgia
Gilbert,Arizona
Lansing,Michigan
Lake Worth,Florida
Lexington,Kentucky
Lexington,Kentucky
Boston,Massachusetts
Philadelphia,Pennsylvania
Baton Rouge,Louisiana
Topeka,Kansas
San Antonio,Texas
Spring,Texas
Sioux Falls,South Dakota
Gilbert,Arizona
Evansville,Indiana
Richmond,Virginia
Philadelphia,Pennsylvania
Indianapolis,Indiana
Anchorage,Alaska
Fort Lauderdale,Florida
El Paso,Texas
Fresno,California
Clearwater,Florida
San Mateo,California
Santa Fe,New Mexico
Columbus,Ohio
Aurora,Illinois
Norfolk,Virginia
Garland,Texas
Hialeah,Florida
Chicago,Illinois
Grand Junction,Colorado
Columbus,Ohio
Wichita Falls,Texas
Utica,New York
Baltimore,Maryland
Washington,District of Columbia
Silver Spring,Maryland
Winston Salem,North Carolina
Detroit,Michigan
Richmond,Virginia
Indianapolis,Indiana
Yakima,Washington
Philadelphia,Pennsylvania
Evanston,Illinois
Augusta,Georgia
Syracuse,New York
Boston,Massachusetts
New York City,New York
Honolulu,Hawaii
Winston Salem,North Carolina
Atlanta,Georgia
Scottsdale,Arizona
Hartford,Connecticut
Madison,Wisconsin
Saint Paul,Minnesota
Washington,District of Columbia
Fort Wayne,Indiana
Spring Hill,Florida
Garden Grove,California
Wilmington,Delaware
Fort Wayne,Indiana
Houston,Texas
Philadelphia,Pennsylvania
Los Angeles,California
Pompano Beach,Florida
Sacramento,California
Seminole,Florida
El Paso,Texas
Corpus Christi,Texas
Levittown,Pennsylvania
Houston,Texas
Amarillo,Texas
Atlanta,Georgia
San Francisco,California
Hyattsville,Maryland
Dallas,Texas
Greensboro,North Carolina
Topeka,Kansas
Mesquite,Texas
Young America,Minnesota
Waterbury,Connecticut
Conroe,Texas
Temple,Texas
San Diego,California
Maple Plain,Minnesota
Brooklyn,New York
Watertown,Massachusetts
Frankfort,Kentucky
Fort Worth,Texas
Richmond,Virginia
Phoenix,Arizona
Paterson,New Jersey
Cumming,Georgia
Santa Monica,California
Visalia,California
Orange,California
Garland,Texas
Tampa,Florida
Philadelphia,Pennsylvania
Lansing,Michigan
Denver,Colorado
Wichita,Kansas
Lancaster,California
Washington,District of Columbia
Burbank,California
Los Angeles,California
Jamaica,New York
Saint Joseph,Missouri
Sioux Falls,South Dakota
Las Vegas,Nevada
Roanoke,Virginia
Pittsburgh,Pennsylvania
Youngstown,Ohio
New Brunswick,New Jersey
Washington,District of Columbia
Washington,District of Columbia
Long Beach,California
Grand Rapids,Michigan
Boston,Massachusetts
Tulsa,Oklahoma
Fairbanks,Alaska
Charleston,West Virginia
Akron,Ohio
Glendale,California
Houston,Texas
Rochester,New York
Scottsdale,Arizona
Albuquerque,New Mexico
Washington,District of Columbia
Tulsa,Oklahoma
Asheville,North Carolina
Saint Louis,Missouri
Los Angeles,California
Newark,New Jersey
Washington,District of Columbia
Pasadena,California
Reno,Nevada
Boston,Massachusetts
Wilmington,North Carolina
Topeka,Kansas
Pittsburgh,Pennsylvania
Augusta,Georgia
Richmond,Virginia
Columbus,Mississippi
Houston,Texas
San Diego,California
Stamford,Connecticut
Waco,Texas
Washington,District of Columbia
Pittsburgh,Pennsylvania
Chicago,Illinois
Indianapolis,Indiana
Chicago,Illinois
New Bedford,Massachusetts
Arlington,Texas
Salt Lake City,Utah
Duluth,Minnesota
San Jose,California
Montgomery,Alabama
Augusta,Georgia
New Orleans,Louisiana
Huntington,West Virginia
Monticello,Minnesota
Peoria,Illinois
Charleston,West Virginia
Norfolk,Virginia
Charlotte,North Carolina
Greensboro,North Carolina
New York City,New York
Houston,Texas
Houston,Texas
Brockton,Massachusetts
Atlanta,Georgia
Monticello,Minnesota
Charleston,South Carolina
Washington,District of Columbia
Manchester,New Hampshire
Seminole,Florida
Richmond,Virginia
Detroit,Michigan
Tallahassee,Florida
Austin,Texas
Denton,Texas
Cincinnati,Ohio
Indianapolis,Indiana
Fresno,California
Detroit,Michigan
San Francisco,California
Saint Petersburg,Florida
Indianapolis,Indiana
Detroit,Michigan
Sacramento,California
Washington,District of Columbia
Lansing,Michigan
Fresno,California
Norwalk,Connecticut
Austin,Texas
Honolulu,Hawaii
Phoenix,Arizona
Grand Rapids,Michigan
Albany,New York
